{"ABC": {"time": 1260.2791211605072, "train_roc_auc": 0.959799046353456, "test_A_roc_auc": 0.967065707294745, "test_U_roc_auc": 0.6187514900005486}, "AE": {"time": 696.452011346817, "train_roc_auc": 0.7635912775412618, "test_A_roc_auc": 0.8581162601372677, "test_U_roc_auc": 0.6592613882168208}}