{"DNN": {"time": 735.2987360954285, "train_roc_auc": 0.9999999995531907, "test_A_roc_auc": 0.9967856669995055, "test_U_roc_auc": 0.665634411887376}, "SVM": {"time": 36.95485973358154, "train_roc_auc": 0.9999999988829766, "test_A_roc_auc": 0.9958376095768501, "test_U_roc_auc": 0.7138949985992175}, "IForest": {"time": 5.903331279754639, "train_roc_auc": 0.9931352300249613, "test_A_roc_auc": 0.9802468063588873, "test_U_roc_auc": 0.5211371872334083}, "LogReg": {"time": 1.5970590114593506, "train_roc_auc": 0.9999996876802821, "test_A_roc_auc": 0.9955160857044925, "test_U_roc_auc": 0.714380417107901}, "GBM": {"time": 17.03340172767639, "train_roc_auc": 0.9999999999999999, "test_A_roc_auc": 0.9997935968162598, "test_U_roc_auc": 0.6576545880121172}}