{"DNN": {"time": 623.7229790687561, "train_roc_auc": 0.9997222147024603, "test_A_roc_auc": 0.9980731540653285, "test_U_roc_auc": 0.7625897512489341}, "GBM": {"time": 40.2770836353302, "train_roc_auc": 0.9946653297058908, "test_A_roc_auc": 0.9916368149732696, "test_U_roc_auc": 0.717079556320874}, "LogReg": {"time": 2.345133066177368, "train_roc_auc": 0.9786415596098182, "test_A_roc_auc": 0.973013997678163, "test_U_roc_auc": 0.6953382526204035}, "SVM": {"time": 644.5537843704224, "train_roc_auc": 0.9825902962059179, "test_A_roc_auc": 0.9821425344258425, "test_U_roc_auc": 0.6826570161339545}, "IForest": {"time": 10.121678113937378, "train_roc_auc": 0.8264233560390846, "test_A_roc_auc": 0.8281539307186355, "test_U_roc_auc": 0.691841329409741}}