{"ABC": {"time": 2233.7458946704865, "train_roc_auc": 0.9982222375791633, "test_A_roc_auc": 0.9934208671958088, "test_U_roc_auc": 0.8019893241791066}, "AE": {"time": 779.2927505970001, "train_roc_auc": 0.9559881595263919, "test_A_roc_auc": 0.9303902439272177, "test_U_roc_auc": 0.7979372471844649}}